{
  "train_loss": [
    0.811238,
    0.653405,
    0.594497,
    0.549218,
    0.538538,
    0.481949,
    0.459152,
    0.431849,
    0.438742,
    0.439074,
    0.422775,
    0.404674,
    0.414813,
    0.402928,
    0.411101,
    0.384018,
    0.394026,
    0.366984,
    0.381594,
    0.37238
  ],
  "val_loss": [
    0.973052,
    0.888418,
    0.723338,
    0.58491,
    0.469877,
    0.422325,
    0.406346,
    0.402915,
    0.384731,
    0.35497,
    0.372046,
    0.348771,
    0.365763,
    0.362349,
    0.348502,
    0.354827,
    0.353102,
    0.359892,
    0.355536,
    0.358992
  ],
  "train_iou": [
    0.858774,
    0.941483,
    0.965882,
    0.969826,
    0.970113,
    0.983625,
    0.985193,
    0.991324,
    0.988904,
    0.974146,
    0.986328,
    0.98902,
    0.983724,
    0.985416,
    0.986925,
    0.991139,
    0.989277,
    0.993583,
    0.991785,
    0.993342
  ],
  "val_iou": [
    0.99143,
    0.974841,
    0.983074,
    0.987114,
    0.99079,
    0.992293,
    0.99401,
    0.997828,
    0.999486,
    0.99737,
    0.991311,
    0.996759,
    0.993127,
    0.993259,
    0.999325,
    0.997117,
    0.998722,
    0.998254,
    0.998739,
    0.997947
  ],
  "train_dice": [
    0.92225,
    0.969239,
    0.982457,
    0.984604,
    0.984728,
    0.991721,
    0.992516,
    0.995637,
    0.994412,
    0.986423,
    0.993091,
    0.994457,
    0.991734,
    0.992645,
    0.993415,
    0.995537,
    0.994601,
    0.996776,
    0.995867,
    0.996656
  ],
  "val_dice": [
    0.995697,
    0.987159,
    0.991393,
    0.993474,
    0.995352,
    0.996117,
    0.996987,
    0.998912,
    0.999743,
    0.998682,
    0.995618,
    0.998374,
    0.996539,
    0.996607,
    0.999662,
    0.998554,
    0.99936,
    0.999125,
    0.999369,
    0.998971
  ]
}